{
  "scenario": {
    "species": [
      "Ursus arctos",
      "Canis lupus",
      "Lynx lynx",
      "Canis aureus",
      "Sus scrofa",
      "Capreolus capreolus",
      "Vulpes vulpes"
    ],
    "W245": {
      "Ursus arctos": 457.0200001405002,
      "Canis lupus": 421.80746047652275,
      "Lynx lynx": 519.3953319251418,
      "Canis aureus": 363.7655523534721,
      "Sus scrofa": 513.3964924239739,
      "Capreolus capreolus": 614.9615130763711,
      "Vulpes vulpes": 499.88423236970857
    },
    "W585": {
      "Ursus arctos": 530.9758124355719,
      "Canis lupus": 605.18921330394,
      "Lynx lynx": 639.5876734083338,
      "Canis aureus": 712.3554211480541,
      "Sus scrofa": 801.5145668693924,
      "Capreolus capreolus": 963.9507933250417,
      "Vulpes vulpes": 743.8701275526546
    },
    "friction_corr_245_585": 0.9797782877901208
  },
  "reg_sensitivity": {
    "regs": [
      0.008,
      0.015,
      0.02,
      0.03,
      0.05,
      0.08
    ],
    "W_km": [
      416.7751817574847,
      441.1384305966026,
      457.0200001405002,
      486.03911822447725,
      536.2905455070204,
      598.5052181134923
    ],
    "cv": 0.12589147269563278
  },
  "coarsen_sensitivity": {
    "cfs": [
      4,
      5,
      6,
      7,
      8
    ],
    "W_km": [
      457.3518350923083,
      457.0200001405002,
      455.9054874958024,
      462.4393507797641,
      455.94736132594727
    ],
    "cv": 0.005291411993048602
  },
  "maxent_constraint": {
    "pearson": 0.9999840887596868,
    "rmse": 0.005180843980544361,
    "nnz": 38
  }
}