{
  "Ursus arctos": {
    "auc": [
      0.8521437500000001,
      0.016146039520188823
    ],
    "boyce": [
      0.9154135338345865,
      0.07706216741777595
    ],
    "tss": [
      0.5619593280919316,
      0.02367499413165908
    ],
    "n_cells": 2043
  },
  "Canis lupus": {
    "auc": [
      0.8035725,
      0.07602305920738787
    ],
    "boyce": [
      0.8266917293233083,
      0.2013869457167936
    ],
    "tss": [
      0.5042640440326421,
      0.12015870230246121
    ],
    "n_cells": 2069
  },
  "Lynx lynx": {
    "auc": [
      0.877375,
      0.012485290345042024
    ],
    "boyce": [
      0.9860902255639098,
      0.010758712797935496
    ],
    "tss": [
      0.6190421403266615,
      0.01445837737686786
    ],
    "n_cells": 1932
  },
  "Canis aureus": {
    "auc": [
      0.9229487500000001,
      0.0407675887846277
    ],
    "boyce": [
      0.917010757664675,
      0.04714145373050989
    ],
    "tss": [
      0.7197148067519967,
      0.11602443339004025
    ],
    "n_cells": 509
  },
  "Sus scrofa": {
    "auc": [
      0.81446125,
      0.027613312770971572
    ],
    "boyce": [
      0.9518796992481202,
      0.05179790872075139
    ],
    "tss": [
      0.504266890995277,
      0.03405339997414215
    ],
    "n_cells": 2356
  },
  "Capreolus capreolus": {
    "auc": [
      0.8274075000000001,
      0.02943189798076229
    ],
    "boyce": [
      0.9729323308270676,
      0.02859120803282938
    ],
    "tss": [
      0.5048339174921448,
      0.050275304497066256
    ],
    "n_cells": 1998
  },
  "Vulpes vulpes": {
    "auc": [
      0.76275875,
      0.01866309941267795
    ],
    "boyce": [
      0.9868421052631579,
      0.015422700373508345
    ],
    "tss": [
      0.4069807597841004,
      0.03308700608106936
    ],
    "n_cells": 2680
  }
}